,avg_spend,first_time,times_visited_this_week,view_time,spend
0,3.59,0,1,0.6818914896263114,87.54
1,3.7,0,2,0.6969544045107356,165.24
2,0.0,1,0,1.7131345290908775,17.66
3,0.0,0,0,0.194384301577336,22.08
4,15.62,0,2,0.742095372009307,243.99
5,16.45,0,2,2.499405714873573,320.82
6,15.14,0,1,1.9011906857530076,54.34
7,0.0,1,0,2.0860470495371137,79.52
8,0.0,0,0,0.8155010224442626,2.17
9,6.57,0,2,1.8657745111447568,13.0
10,14.3,0,3,0.2525681513931603,62.33
11,0.28,0,4,1.9754877712171373,290.54
12,0.0,0,0,0.883857436201133,94.91
13,15.94,0,4,0.10343122429028392,272.42
14,8.37,0,1,0.2167755637626291,99.53
15,6.93,0,2,0.23086637384476896,92.29
16,6.0,0,2,0.649373038321426,85.67
17,0.0,0,0,1.870791921025856,4.72
18,5.71,0,1,1.6694052811213718,111.32
19,7.6,0,3,1.406317463671834,174.38
20,3.1,0,1,1.081063327599897,5.22
21,26.32,0,1,0.9758732529773329,6.99
22,0.0,0,0,0.8927875154918841,138.9
23,0.0,1,0,0.812525822394198,98.14
24,0.0,0,0,0.3998990621311371,11.5
25,17.61,0,1,0.2407531794885683,2.29
26,3.3,0,1,0.04551224530124217,44.16
27,0.35,0,1,0.4969320251179782,125.02
28,6.95,0,2,1.0501407396021456,124.41
29,5.18,0,2,0.21967188783751196,108.59
30,10.59,0,3,0.012499321907250336,82.01
31,3.92,0,3,0.6039806259692295,212.38
32,2.03,0,3,0.12791759148076653,159.74
33,7.67,0,3,0.234153374723336,180.56
34,0.0,0,0,0.6514180036144483,45.0
35,0.18,0,3,1.514470309180767,100.92
36,18.49,0,1,0.7309562757154733,132.4
37,0.0,0,0,0.2590421458207031,23.73
38,0.0,0,0,0.5041798310076715,16.88
39,4.92,0,2,0.6067002947652967,64.22
40,9.48,0,1,1.1755946056248516,55.67
41,4.35,0,1,0.3319803305690145,63.6
42,0.0,0,0,0.6117690909052854,107.12
43,4.62,0,1,1.1631637521549596,16.55
44,16.31,0,2,2.9069882193216414,329.81
45,0.0,0,0,1.111457956937032,56.08
46,1.96,0,3,0.9500158286696456,113.15
47,0.0,0,0,0.5345056484805503,94.33
48,8.08,0,4,0.8723206367206782,214.82
49,8.23,0,1,0.32208231076698546,19.14
50,4.94,0,1,0.07682189106025536,62.72
51,1.75,0,3,0.16128571166600916,188.96
52,13.29,0,1,1.0817667276728289,171.46
53,11.72,0,2,0.15032046027187207,171.76
54,13.96,0,2,0.30803428418574125,192.73
55,1.47,0,1,1.991553302204734,29.32
56,2.52,0,1,0.4644042623093877,44.35
57,6.92,0,3,1.8466369960476656,105.61
58,16.55,0,2,0.1942691319785193,170.88
59,0.0,1,0,0.8712972974572442,142.65
60,0.0,1,0,0.4532484090230134,36.37
61,0.0,0,0,2.403415585238275,191.03
62,20.06,0,3,0.5642475986573886,230.13
63,0.0,1,0,1.2257656630023412,3.82
64,10.66,0,1,0.8319549174944512,179.66
65,4.58,0,1,0.5348173363459102,1.28
66,0.78,0,1,1.105900424357309,29.13
67,25.91,0,1,0.541462728204788,155.59
68,0.0,0,0,0.22096417382966396,95.78
69,0.0,0,0,0.1755639454992155,74.33
70,0.0,0,0,0.3992231226052793,60.2
71,7.0,0,1,0.4933179008808892,24.12
72,0.0,0,0,1.1430193120737286,50.36
73,8.66,0,1,0.7925207384327007,53.54
74,0.0,0,0,0.7728252145375718,81.5
75,14.12,0,1,1.0128311203344238,208.39
76,14.07,0,2,0.4710383056183228,235.69
77,3.29,0,1,1.4288577078135674,16.58
78,5.77,0,2,0.8604133652839524,23.85
79,15.01,0,2,0.9960476858058164,17.93
80,11.0,0,1,0.8389405004696122,75.08
81,0.0,0,0,0.476220873544659,20.28
82,1.48,0,1,0.5505368494915835,93.05
83,22.06,0,1,0.6243453897132241,202.76
84,7.46,0,2,0.1910990680199033,85.49
85,8.57,0,3,0.2885486958757048,103.39
86,0.0,0,0,0.8823330623234091,7.36
87,0.0,1,0,0.5731278132412001,6.25
88,6.04,0,2,1.2395840064415615,190.91
89,0.0,0,0,0.34756161380355205,65.22
90,6.72,0,1,0.4940301862827388,64.11
91,0.0,1,0,0.36728731340134063,5.14
92,0.76,0,2,0.6222071440434019,118.34
93,3.31,0,2,0.9784221120280352,71.81
94,0.0,1,0,0.6135179727304166,90.73
95,4.92,0,1,0.9504238381860504,21.49
96,4.84,0,3,2.122156197012633,60.79
97,15.19,0,1,0.015618333949603047,1.75
98,0.0,0,0,0.7109599682034915,63.22
99,0.0,1,0,2.1650560678066024,189.53
100,6.17,0,2,0.6934789119139937,165.52
101,3.58,0,1,0.4500128579958137,44.63
102,0.0,0,0,0.6220348055543814,79.08
103,0.0,0,0,0.7591326615536981,93.39
104,0.0,0,0,0.06413834659299254,52.35
105,5.39,0,3,0.0773683076476183,174.23
106,0.0,0,0,1.399355436586002,48.29
107,2.44,0,2,0.7567886799869821,68.88
108,17.11,0,1,1.053682419146354,120.46
109,5.31,0,3,0.5628808601743548,184.57
110,1.26,0,1,1.5931866266393968,29.83
111,13.52,0,1,0.14037505890533644,15.95
112,0.0,1,0,0.6492775450660071,77.51
113,8.76,0,4,0.8617030702562581,205.51
114,0.0,1,0,2.1533429198712444,186.94
115,11.2,0,6,0.5765569630557664,388.23
116,7.12,0,1,0.4322629506341555,80.99
117,11.14,0,2,0.022465892812046383,51.98
118,9.18,0,2,1.7654542402810969,14.21
119,2.86,0,5,2.074082669749973,169.73
120,0.0,0,0,0.42881650033057295,25.35
121,8.9,0,3,0.30170000890173554,210.76
122,0.0,0,0,0.5495571359085801,58.05
123,0.0,0,0,0.5470973811700379,59.86
124,0.62,0,2,0.05240445057746945,129.45
125,0.0,0,0,1.2221278088919454,95.48
126,23.2,0,2,0.053904849005739164,218.89
127,7.09,0,2,0.4254899332402303,140.46
128,10.14,0,3,0.2560297343138757,234.9
129,0.0,1,0,0.7859860326349823,16.12
130,0.0,0,0,0.12522450264790727,41.14
131,2.03,0,1,2.4716445001272893,80.47
132,0.0,0,0,0.221253623585772,58.23
133,4.94,0,1,0.14994071907910936,45.9
134,6.35,0,1,0.6982233136135899,158.22
135,5.23,0,3,0.4455025214007718,117.07
136,6.73,0,2,0.7533416211045325,199.42
137,0.0,1,0,0.6191542610051978,12.26
138,0.0,0,0,1.196571501664491,5.71
139,0.0,1,0,0.9218598131253132,28.23
140,5.08,0,3,0.7859894605079495,200.7
141,0.0,1,0,0.30085974714082625,24.24
142,12.85,0,1,0.05225849049748321,144.04
143,13.16,0,2,0.4240668615184512,189.08
144,13.56,0,1,0.7569886166453519,184.62
145,0.0,0,0,1.654887436228296,94.46
146,0.0,0,0,0.5164296438875717,84.91
147,4.28,0,1,0.41222074502447015,60.17
148,3.63,0,4,0.5172884501003722,190.58
149,13.55,0,1,0.8814075289235711,29.17
150,0.0,0,0,0.09175248444837286,7.38
151,2.81,0,1,0.10420110395187608,83.21
152,12.62,0,3,1.126050250772168,53.83
153,0.0,0,0,1.3924653000643288,107.07
154,7.6,0,3,1.9511018640386248,230.87
155,0.0,0,0,0.5228354880354996,128.17
156,6.1,0,1,0.8289950109220723,58.99
157,4.89,0,1,0.7216720640432351,0.47
158,0.0,0,0,0.8406435489887241,103.87
159,0.0,0,0,1.8936146669537857,131.85
160,10.86,0,2,0.6757080791616118,193.65
161,0.0,0,0,0.6082265074447593,94.08
162,0.0,1,0,0.501784192811532,6.82
163,0.0,0,0,0.6215718898560508,62.54
164,16.28,0,1,1.677700814076441,216.71
165,4.71,0,3,1.9234457948249533,102.46
166,5.73,0,1,1.7976865268495226,65.69
167,1.42,0,2,0.4500654714792437,127.46
168,0.0,0,0,1.223083067095325,61.56
169,0.0,0,0,0.03279699541158651,75.38
170,5.62,0,3,0.2419622715660341,202.1
171,15.64,0,3,0.10589445311523424,122.09
172,6.06,0,4,0.6779258713392691,206.57
173,0.0,1,0,1.7120402840178923,134.17
174,5.05,0,1,1.2969945465611092,59.25
175,11.92,0,1,1.0973683189710666,77.01
176,0.0,1,0,1.633431532301096,60.0
177,14.36,0,2,0.8810683366612923,141.62
178,6.16,0,2,0.020886488295961788,153.31
179,17.47,0,1,0.466670981966081,33.86
180,0.0,1,0,0.02538842054241018,52.9
181,10.08,0,4,1.2012139221639448,198.27
182,23.64,0,2,0.6833289928110694,259.88
183,1.78,0,1,0.7090209576304904,59.11
184,0.0,0,0,0.4694743859349521,90.03
185,12.23,0,3,2.124771403016961,238.43
186,0.0,0,0,1.0417246640588511,71.86
187,0.0,0,0,0.29612027706457605,6.54
188,0.0,0,0,0.5556044660034485,2.36
189,0.39,0,2,1.6839276914578687,180.6
190,0.0,0,0,0.9637589262106108,22.7
191,15.68,0,1,1.1115802495135512,188.34
192,3.96,0,1,1.4765403497258958,43.36
193,4.32,0,1,1.2171585208254965,147.7
194,0.0,1,0,0.9733788380270346,18.08
195,4.14,0,1,1.1875984190295128,27.65
196,0.0,0,0,0.1314725956716678,125.53
197,2.67,0,2,2.211861911329507,245.08
198,0.0,1,0,0.3021805869826214,75.96
199,4.98,0,2,0.6647027453331099,98.43
200,0.0,0,0,0.36163602504763415,125.42
201,11.13,0,3,1.0293715081820716,151.89
202,0.0,0,0,0.7271371758248686,15.48
203,2.07,0,1,0.34254920085776497,119.1
204,12.58,0,1,1.5805406865683735,75.42
205,12.96,0,1,0.4872029211949272,169.65
206,0.0,0,0,0.7184072655691974,9.48
207,0.0,0,0,0.4835614838465371,3.3
208,0.0,0,0,0.18517553682991408,100.22
209,0.86,0,4,1.8311448783383504,305.99
210,0.0,0,0,0.5219415656168976,70.92
211,1.78,0,4,0.9951484818533796,251.7
212,3.36,0,2,0.714609790636618,112.7
213,1.85,0,1,0.326133022242118,87.23
214,13.09,0,2,0.05993263026632825,69.73
215,3.62,0,1,0.9531366339132452,8.69
216,7.31,0,2,1.9701038177118355,168.75
217,3.95,0,3,0.5805234498047227,157.96
218,0.0,0,0,0.5397596803093615,62.11
219,0.0,0,0,0.019637798926681216,96.91
220,17.96,0,1,1.3658241554154391,75.78
221,0.0,0,0,0.032004149065766624,4.79
222,0.21,0,2,0.31905393566661816,83.77
223,0.0,1,0,0.04015795064434341,36.82
224,8.62,0,1,0.971656734541286,76.38
225,0.0,0,0,0.4363858905265686,49.1
226,10.5,0,1,0.5062409893059261,38.59
227,10.24,0,3,1.450927548279212,131.4
228,5.75,0,1,1.5178737466808094,40.63
229,0.0,0,0,1.3044695005048532,70.96
230,0.0,0,0,1.5171736966716791,167.38
231,6.34,0,4,0.04557183990381378,237.02
232,2.24,0,1,0.6102161695892225,15.48
233,1.26,0,1,0.4359753895000459,74.73
234,0.0,0,0,0.02355215087423812,1.58
235,12.95,0,2,0.8231705839619146,153.82
236,0.0,0,0,0.7751554940347831,52.22
237,8.28,0,1,1.1996975283653082,37.43
238,0.0,1,0,0.8467707752164937,18.13
239,0.0,0,0,0.8875039674140593,75.57
240,3.16,0,1,0.08865759096143744,69.96
241,13.72,0,1,0.6143231440962944,12.38
242,8.32,0,1,0.7837656655863965,174.95
243,5.9,0,1,1.1927351654164144,150.48
244,0.0,1,0,0.7127120288613313,4.22
245,15.71,0,1,0.17989415115347845,27.77
246,23.9,0,1,0.3791531187261241,150.59
247,0.0,0,0,0.6127886904843862,9.7
248,0.0,1,0,0.3436182895684614,12.7
249,0.84,0,2,0.0731969910016945,115.23
250,14.82,0,2,1.9541574337502865,63.2
251,0.0,0,0,0.3721054726068629,79.36
252,0.0,1,0,0.4888494217862741,111.86
253,1.83,0,1,1.9956674897839644,173.07
254,0.0,1,0,0.9647054257507148,21.05
255,0.81,0,1,0.7276295436369798,101.83
256,8.22,0,5,0.03582603910995154,202.41
257,6.9,0,2,1.7495839042054206,6.77
258,0.0,0,0,0.8700677306887542,81.13
259,10.53,0,2,0.27157883719537346,49.29
260,14.07,0,2,1.6147787907098514,130.39
261,11.68,0,2,0.2956244887470951,84.6
262,0.0,1,0,0.13845598398377382,81.33
263,0.0,0,0,0.4430440211284823,26.97
264,0.0,1,0,0.6628812686674127,8.0
265,0.0,0,0,0.5449190868089497,29.63
266,7.77,0,2,0.18689615816198485,135.06
267,0.0,1,0,0.643549832317462,76.94
268,1.62,0,4,0.06407776414871663,221.86
269,4.37,0,1,0.12094814860778155,111.11
270,14.36,0,2,0.44004448669698376,44.85
271,8.77,0,3,0.003602539090568405,182.66
272,2.19,0,2,0.5859042011646491,103.3
273,16.55,0,2,0.15800789857898942,195.72
274,11.98,0,1,0.10703035995455784,130.38
275,3.22,0,3,0.3917581490438219,114.77
276,2.89,0,1,0.26402008133367,109.96
277,0.0,1,0,2.081929407883722,71.49
278,5.08,0,3,0.0570131248970845,180.59
279,0.0,0,0,0.4643698635465742,2.97
280,7.58,0,1,0.11232804969082982,91.02
281,8.54,0,3,0.33513778117145177,180.6
282,8.77,0,2,0.5002404694365699,94.38
283,0.0,0,0,0.1818662550584952,77.81
284,10.77,0,1,0.33085130461557777,58.79
285,11.12,0,5,0.29967664800678706,182.26
286,0.0,0,0,0.4395012306202264,159.04
287,22.31,0,3,1.1939250063990554,227.66
288,0.0,0,0,0.8392175232226385,38.89
289,0.0,1,0,2.133033374656266,102.61
290,1.94,0,2,0.08840688629184736,103.97
291,0.62,0,1,1.531107502555722,17.39
292,6.1,0,2,1.1958830620351844,30.03
293,5.72,0,2,0.7296024698074095,128.12
294,5.66,0,1,0.5868570938002703,77.53
295,0.0,0,0,0.4820667273353861,34.07
296,16.39,0,1,0.08828204835125482,25.0
297,0.0,0,0,0.7793490039053323,110.03
298,0.0,1,0,0.6237689606958051,22.7
299,0.0,0,0,0.5893647569442115,24.51
300,0.0,1,0,0.8110008636288448,12.46
301,15.03,0,5,0.4653104567800533,155.25
302,0.0,0,0,0.3230792731160291,95.95
303,3.71,0,1,0.02555407099144528,41.32
304,10.1,0,4,0.4365598041576678,254.08
305,0.0,0,0,1.3495762115515322,60.42
306,0.91,0,1,2.1726695460140357,154.66
307,6.65,0,3,1.0105982199289134,128.82
308,0.0,0,0,0.655900776529761,12.61
309,25.58,0,1,1.5256563145700948,13.27
310,5.01,0,1,0.927353134190574,76.49
311,7.52,0,2,0.03471176970524331,135.58
312,0.0,0,0,0.07595526791608741,7.29
313,4.59,0,1,0.5597904479310398,141.51
314,0.0,0,0,0.26705026586925884,82.89
315,6.45,0,1,0.05489400061628639,84.73
316,0.0,1,0,0.2486911261835471,88.67
317,20.92,0,1,0.0969959649927182,39.92
318,1.22,0,1,2.018487864388638,24.62
319,6.81,0,2,0.5312142946075985,93.42
320,0.0,0,0,1.6871416350725648,164.37
321,8.84,0,4,0.02136729434843616,196.53
322,0.0,0,0,1.1195461283831687,23.84
323,0.0,0,0,0.5500520990245519,41.81
324,17.93,0,2,0.8564982374091991,255.5
325,13.18,0,3,0.13939720066323416,118.14
326,18.58,0,2,1.831682247206026,143.26
327,6.86,0,1,0.6453759495851475,14.16
328,0.0,0,0,0.4447738078315948,47.53
329,0.0,1,0,0.17521141890851205,52.81
330,1.59,0,2,1.388542553831211,190.8
331,0.0,0,0,0.13125696709230472,60.58
332,0.0,1,0,0.6427227598675439,98.39
333,0.0,1,0,0.6954024745502987,30.24
334,0.0,0,0,0.3850218117128637,111.82
335,0.0,0,0,0.3600392687569827,30.1
336,15.23,0,1,0.4967141530112327,163.42
337,0.0,0,0,1.088769654216672,9.12
338,1.58,0,2,0.13988723283912738,111.81
339,5.43,0,3,0.6380511014407572,168.88
340,4.04,0,4,0.5055892418358746,237.33
341,17.4,0,2,0.7716987106483447,35.62
342,7.19,0,2,1.0469109826819396,106.76
343,1.52,0,1,0.6947131310890582,80.44
344,3.24,0,1,0.4037300903366095,52.6
345,4.97,0,2,1.100959634998571,23.3
346,1.89,0,2,1.0708524186844388,149.66
347,0.0,0,0,0.2561797524953801,4.47
348,0.0,0,0,0.4432822511915103,42.75
349,8.67,0,1,0.32789471651291785,20.32
350,0.0,1,0,0.169360824036078,61.52
351,0.0,1,0,3.2430929695947333,154.97
352,8.08,0,1,0.9354387020445952,45.66
353,1.59,0,4,1.904136589573007,314.13
354,10.53,0,1,1.1081828167375165,51.98
355,1.34,0,4,0.26536234939962844,236.72
356,0.0,0,0,1.7275431701007111,98.43
357,6.71,0,2,1.19363683175648,12.94
358,4.07,0,1,1.1241127199860137,6.37
359,0.0,0,0,0.03930728762763119,104.66
360,18.02,0,2,1.3668786984154209,275.16
361,15.32,0,1,0.3514142357137325,4.48
362,0.0,1,0,2.0152751104606397,13.75
363,0.0,0,0,1.594427658794367,79.57
364,0.0,0,0,0.1891203907770335,65.43
365,0.0,1,0,0.6386601686431024,82.56
366,0.0,1,0,0.7660802783846903,28.16
367,0.0,1,0,0.9245641143781,102.69
368,8.18,0,3,0.6704806172412126,85.42
369,0.0,0,0,1.5628887685081978,34.67
370,0.0,1,0,0.8929538701087693,55.94
371,0.0,0,0,1.0623935281468797,14.4
372,0.0,0,0,1.1437262073206618,67.39
373,1.85,0,3,0.22745993460412944,125.25
374,1.29,0,4,0.2799686263198203,248.02
375,18.52,0,1,0.6006386899188051,4.41
376,0.0,0,0,0.6134026635409398,63.32
377,7.6,0,3,0.4523063192490767,156.78
378,0.59,0,5,0.26888869055483056,230.58
379,9.31,0,2,0.6769220003059587,121.59
380,0.0,0,0,2.013387247526623,72.61
381,11.23,0,6,1.362562852712452,327.58
382,7.78,0,2,0.3426875940803488,197.44
383,10.71,0,2,0.4367385517335095,89.34
384,6.02,0,3,1.1302037246739238,144.18
385,0.0,0,0,0.19905969557347006,8.79
386,10.68,0,4,0.955122579349353,100.07
387,0.0,0,0,0.1852876588777083,13.41
388,0.0,1,0,1.2495049007061587,24.59
389,21.45,0,1,0.6734906242438685,0.59
390,1.76,0,4,0.24606248812994855,182.11
391,8.52,0,1,2.025142586657607,116.51
392,12.21,0,1,0.013497224737933921,6.08
393,0.96,0,5,0.5756378262377739,214.72
394,11.73,0,1,0.2381104363120541,38.66
395,1.95,0,1,1.3957892021924851,143.47
396,17.07,0,1,0.6292633936927887,157.81
397,6.68,0,1,0.11327041053776445,48.87
398,11.43,0,1,1.1055259329579838,65.88
399,0.0,0,0,0.6073544332122114,32.82
400,7.54,0,1,0.6414815952229522,88.13
401,6.05,0,2,0.31305803052315434,106.48
402,6.33,0,1,0.8323555731042287,56.94
403,8.21,0,2,0.9746816702273214,30.54
404,3.96,0,2,0.5555467794868666,161.57
405,8.06,0,3,0.5621680265783021,233.96
406,0.0,0,0,0.9190764829877686,86.46
407,13.3,0,1,1.6172125749686241,77.56
408,0.89,0,4,0.3840654489393073,185.69
409,0.0,0,0,0.1044492185374715,60.99
410,5.58,0,2,0.37519638032393704,132.02
411,0.0,0,0,0.4578483861824893,128.45
412,12.39,0,3,3.0195121558208253,93.2
413,22.96,0,2,0.0005279588565972928,253.01
414,0.0,1,0,1.1543626682329844,101.95
415,0.0,1,0,0.3496500472996937,1.84
416,4.56,0,1,1.5781180575621845,145.09
417,0.27,0,3,0.2575503907227644,177.53
418,0.0,0,0,0.25719897035592737,4.89
419,2.16,0,1,0.7153037092599682,88.42
420,0.69,0,3,0.09965136508764122,146.19
421,0.0,0,0,0.6988284202025348,57.01
422,15.7,0,1,0.632407739055521,16.54
423,18.8,0,3,1.0213832954293984,184.11
424,0.69,0,3,1.8206033005485167,275.37
425,2.93,0,2,0.5737444210044131,94.54
426,0.0,0,0,0.8576596232020194,13.66
427,5.57,0,1,0.4561208274741882,6.97
428,2.87,0,2,0.3207857259326839,92.55
429,4.24,0,1,0.02640575695892703,55.14
430,0.48,0,3,0.7632591565425169,208.6
431,0.0,0,0,0.0678555105274033,13.81
432,0.0,0,0,1.0896330373423884,168.55
433,0.47,0,3,1.372859451481064,254.35
434,0.0,0,0,0.6728612359668199,26.76
435,13.52,0,1,0.6115178029919482,201.21
436,0.0,0,0,0.6789469877622328,13.14
437,2.33,0,1,0.09858813228426172,78.18
438,0.0,0,0,0.7153813154412441,84.7
439,3.41,0,1,0.6789312900592783,36.33
440,0.0,0,0,1.1038773433162576,26.93
441,0.0,0,0,0.9583858198420424,124.84
442,0.0,0,0,1.085895565831578,95.5
443,0.0,1,0,0.007178466907941942,114.1
444,5.71,0,2,0.6373871273065177,87.33
445,0.0,1,0,0.6585442726728304,8.61
446,11.37,0,2,1.676393027208203,20.91
447,29.4,0,1,0.194908280352681,95.17
448,8.13,0,2,0.493122822399772,92.39
449,0.0,1,0,0.4441983272906719,145.23
450,11.25,0,1,0.3764095260975166,16.27
451,13.2,0,2,0.25988279424842353,169.2
452,6.68,0,1,0.201491533947518,82.08
453,0.0,0,0,0.31745326125017514,23.15
454,2.39,0,2,0.3819354522315533,134.66
455,5.13,0,1,0.04091917539572113,39.38
456,0.92,0,2,1.0094717885959688,108.5
457,0.0,1,0,1.251539424190444,0.93
458,5.63,0,2,0.9261775475316414,43.96
459,0.0,1,0,0.8467937180684051,52.89
460,3.82,0,2,0.04946370965243295,85.96
461,17.03,0,2,0.2252641172475495,19.38
462,0.0,0,0,0.9382838059759976,26.61
463,0.0,0,0,0.7128457826771644,17.9
464,3.15,0,1,1.218194711754256,136.85
465,0.0,0,0,0.2243396567780826,55.95
466,10.72,0,3,0.19729226563120644,232.48
467,9.81,0,2,1.7258067287905967,24.94
468,0.0,0,0,0.26987493529337125,45.86
469,0.68,0,2,1.5511519755225232,194.2
470,0.0,0,0,0.3080505395041023,19.99
471,0.0,0,0,0.7188323876087304,50.47
472,0.0,0,0,0.33855287628591424,24.71
473,20.73,0,2,2.6509698083930116,105.64
474,18.54,0,2,1.5134497432421308,75.44
475,11.9,0,1,1.876552706041874,208.43
476,1.94,0,2,0.7179188907476018,88.71
477,11.36,0,1,0.5150476863060479,173.69
478,2.55,0,1,1.0138959522925377,124.57
479,0.0,0,0,0.28099186773503265,37.83
480,0.0,0,0,1.907807557877391,42.85
481,0.0,1,0,0.2577525401427507,25.94
482,0.56,0,3,1.6286155455712918,102.85
483,4.12,0,1,0.18106274277108236,56.8
484,4.09,0,3,0.3692771392462032,170.42
485,12.54,0,1,1.562545856886543,68.94
486,0.0,0,0,1.082691053887073,106.56
487,13.7,0,1,0.9638791167949096,61.29
488,15.03,0,1,0.4183982208886837,17.09
489,9.43,0,3,0.5561187467607805,83.18
490,20.9,0,1,0.31984752325484395,12.75
491,7.52,0,2,1.317131919946585,195.64
492,7.35,0,1,0.17909328501615626,98.97
493,3.98,0,1,1.036087651046256,76.96
494,0.0,0,0,0.4535087125544674,43.16
495,10.82,0,1,0.7563507452843033,168.83
496,1.99,0,5,0.8868873900973003,202.07
497,0.0,0,0,0.5488838353173644,29.62
498,28.72,0,2,0.5136001065697166,242.05
499,2.65,0,4,0.6030946849488336,276.88
500,0.0,0,0,1.4153707420504142,146.32
501,12.39,0,1,0.2645148413106108,31.69
502,11.1,0,1,0.3506300992735592,139.91
503,21.53,0,1,1.5945050632249722,138.28
504,6.08,0,4,1.3171150673398653,177.17
505,6.57,0,2,1.3471262895296965,7.4
506,0.0,0,0,0.8508979621679722,71.82
507,6.15,0,1,0.5131057981760827,125.84
508,0.0,0,0,0.1858457521927473,52.06
509,29.21,0,2,0.8275902206487197,293.92
510,2.23,0,2,2.1356742139786955,37.02
511,0.0,0,0,0.5176590204691229,1.66
512,1.81,0,1,0.3583401520212222,40.73
513,5.65,0,2,2.4267164863455224,41.01
514,7.01,0,1,1.1894704889246406,143.13
515,18.97,0,1,0.9633761292443218,228.03
516,0.0,0,0,1.8697416996954208,53.49
517,6.58,0,4,0.5098066931908826,299.84
518,4.03,0,1,0.22247489677826535,78.95
519,5.16,0,1,0.9531250453760868,146.9
520,0.0,0,0,0.07268052432934134,9.88
521,0.0,0,0,1.496529255090079,159.71
522,0.0,0,0,0.1605739810498646,111.66
523,4.49,0,2,1.7611881248673735,7.42
524,0.0,1,0,0.581782033392054,49.15
525,0.93,0,1,0.12853751143893075,71.44
526,2.0,0,1,1.2637066776546686,116.4
527,0.0,0,0,0.7020530938773524,151.05
528,0.0,0,0,1.5811907020321334,109.58
529,0.0,1,0,0.7999405067019342,41.31
530,4.57,0,2,0.8000385643976464,57.93
531,11.46,0,2,2.303638752104789,279.91
532,0.0,1,0,0.29756350335999193,10.17
533,7.92,0,2,1.006017381499702,94.24
534,0.0,0,0,0.8831097771471591,189.64
535,4.58,0,1,2.2382312333249716,162.06
536,0.0,0,0,0.4148655003619104,56.74
537,0.0,0,0,0.7184442212524359,71.41
538,0.0,0,0,1.4641772387524374,196.3
539,5.92,0,2,0.9648516330974576,89.29
540,0.0,0,0,0.8303358165442456,16.31
541,11.17,0,3,1.2005316584738726,192.06
542,11.27,0,2,1.3043402428781523,208.16
543,0.01,0,4,0.8239354869719996,153.91
544,0.0,0,0,0.9365063747895959,32.72
545,0.0,0,0,1.2669111491866227,137.5
546,8.1,0,1,1.6151318159055097,180.72
547,13.42,0,2,1.589838978180684,147.84
548,8.16,0,1,0.2453881160028705,146.4
549,1.47,0,1,0.07580455819372632,85.18
550,6.52,0,1,1.80930634973311,29.6
551,17.61,0,2,0.22468472575188592,209.63
552,12.38,0,3,0.11351734525124806,100.83
553,0.0,0,0,0.3876999164085612,133.61
554,8.72,0,2,0.1421465369405461,141.6
555,9.18,0,1,0.07125374991089249,123.2
556,0.0,0,0,1.3934545275244314,135.46
557,3.61,0,3,2.077811819856197,74.65
558,18.18,0,1,0.202328796422802,47.29
559,0.0,1,0,0.07016571145864703,33.86
560,13.55,0,3,1.153332403205745,313.85
561,0.0,0,0,0.3486521344078592,54.39
562,0.0,0,0,0.4914294527201998,43.77
563,4.57,0,3,0.027514905050636255,152.26
564,0.0,1,0,1.6957228778108653,166.18
565,14.4,0,2,0.1730718242838696,188.96
566,8.87,0,1,0.4086073077017676,109.28
567,4.73,0,2,0.40825275571447184,129.11
568,2.58,0,3,0.19613145902390733,137.39
569,1.8,0,1,1.0003313246055747,5.07
570,22.71,0,1,0.3384964074944141,192.27
571,0.0,0,0,0.3828171896129687,119.68
572,3.64,0,2,1.4511756900515589,174.67
573,0.0,1,0,1.2960630617813962,11.14
574,1.24,0,1,0.6255080168310357,14.01
575,12.93,0,1,1.8043481097867433,88.81
576,12.72,0,1,1.1105758454658288,116.99
577,0.0,0,0,0.4677012013118914,0.1
578,4.62,0,3,0.4292444202986618,146.42
579,6.63,0,1,0.04886007032570433,101.49
580,9.21,0,1,0.5583269125217224,32.09
581,0.0,1,0,0.2493085956417289,36.11
582,0.0,1,0,2.0607479248819867,141.29
583,0.48,0,1,0.7858001586508322,54.82
584,1.98,0,2,1.0495527153193351,183.85
585,14.08,0,1,0.5227230205190395,158.19
586,10.54,0,2,0.3577873603482833,181.03
587,6.51,0,1,0.8953463223630241,108.4
588,13.83,0,1,1.0372461543264564,209.45
589,6.11,0,1,2.184096733380456,22.55
590,16.16,0,1,0.01941960588773261,9.74
591,2.71,0,2,0.9135846262332494,168.03
592,9.57,0,1,0.1335409047822823,122.83
593,0.47,0,1,0.06607979864731657,74.14
594,13.86,0,3,0.07397286359437802,116.32
595,0.26,0,1,1.8408742313316453,159.69
596,0.0,0,0,0.10939479460489288,69.23
597,7.21,0,1,1.6566232076777738,117.53
598,2.47,0,4,0.4367197360405955,169.11
599,17.96,0,3,0.2029230208512997,238.61
600,0.0,1,0,0.538296079049633,43.01
601,0.0,0,0,1.6122206282554243,12.24
602,0.0,1,0,1.5193460754768424,113.84
603,1.87,0,1,1.0651136630753726,123.03
604,0.0,1,0,0.08589300629333041,80.4
605,0.0,0,0,1.2557561255735208,12.81
606,1.15,0,3,0.31917451041918043,149.96
607,0.0,1,0,0.4719318657894335,62.42
608,0.0,0,0,0.015309849172995556,35.23
609,6.08,0,1,0.09662367001488972,68.22
610,4.63,0,2,1.6087808557343737,166.97
611,14.67,0,1,1.3764964500195378,211.4
612,13.45,0,3,0.7904744554453119,218.48
613,14.73,0,1,0.8892408282283243,126.54
614,8.66,0,2,0.15985639199740034,76.04
615,0.0,0,0,0.014273067836434106,11.27
616,0.0,1,0,1.0473177066214483,35.39
617,6.48,0,1,0.1340171666729177,50.21
618,1.42,0,2,1.0923127646725792,70.85
619,12.45,0,1,0.4134349032237009,103.86
620,0.0,0,0,0.32316771418478146,114.95
621,9.55,0,1,0.17018462252492844,105.24
622,0.0,1,0,0.02421945667275807,29.12
623,8.14,0,3,1.7388513518533313,301.49
624,8.95,0,2,0.9858038086678268,112.56
625,0.0,0,0,1.1818910929599615,13.34
626,0.0,1,0,0.5193465142411723,49.75
627,8.94,0,2,0.7801991291174627,96.06
628,17.82,0,1,1.667224111551137,258.36
629,0.0,0,0,0.4344962274323156,27.54
630,3.98,0,2,0.19063559126502436,62.98
631,0.0,1,0,0.17528677893392386,33.05
632,10.24,0,6,0.9269304715780831,412.68
633,13.88,0,1,2.7475048427252347,119.96
634,3.46,0,1,0.07863519031609059,93.74
635,0.06,0,1,0.4738393470709161,29.89
636,3.02,0,1,0.6022120603617805,106.15
637,39.26,0,1,0.7682072166317373,291.42
638,10.75,0,2,1.2769653860881878,107.46
639,3.26,0,1,1.1873860515647512,153.21
640,2.23,0,1,0.5717460419560614,53.03
641,0.0,0,0,0.9218015019772522,118.21
642,22.11,0,1,0.32692737376416264,19.99
643,3.62,0,1,1.1008213984226052,133.79
644,5.1,0,2,0.4789798257463919,100.64
645,0.0,1,0,1.7312013034449254,44.88
646,16.13,0,1,2.3146585666735087,79.28
647,19.69,0,1,1.2528426344274837,112.29
648,2.98,0,1,0.22899639245934025,70.67
649,2.15,0,2,1.0909664302151982,173.8
650,2.72,0,1,0.7217375533372533,101.82
651,0.98,0,2,0.25373966149457344,127.85
652,8.3,0,1,0.952316380738797,85.7
653,0.0,0,0,0.026521259249060063,62.85
654,0.0,0,0,1.465648768921554,2.56
655,0.0,0,0,0.4545477187434442,35.63
656,8.19,0,2,0.6581164890752567,207.49
657,0.0,0,0,0.7828737349485725,103.56
658,27.6,0,2,0.4763577693562193,272.89
659,0.0,0,0,0.33912227927003874,1.45
660,12.79,0,1,0.09445871444200277,17.53
661,11.06,0,2,0.9321915642603849,96.74
662,0.0,0,0,0.4519493719118777,39.06
663,7.99,0,1,0.18289644110484016,101.47
664,2.95,0,1,0.2587960626671024,38.95
665,17.49,0,1,0.1343087414705478,12.61
666,7.64,0,1,1.8977670167459768,41.87
667,1.83,0,2,0.5462444482524828,156.44
668,0.0,0,0,0.7146806769904318,8.38
669,0.0,0,0,0.1601327955666404,19.1
670,2.39,0,2,1.979299810375788,181.57
671,0.0,0,0,1.1677820616598074,70.69
672,0.0,0,0,0.6901439917111125,51.46
673,1.97,0,2,0.2088635950047554,125.37
674,1.91,0,5,0.22859991534001856,279.53
675,12.45,0,5,1.0851505265577979,290.04
676,5.62,0,1,0.6269670577877674,25.86
677,8.64,0,1,0.6506425691218269,138.32
678,0.56,0,1,1.7787202489042786,12.21
679,0.0,0,0,2.0870270186020687,156.33
680,12.3,0,2,0.7060789138151315,4.58
681,0.0,1,0,0.1767741631157821,83.05
682,0.0,0,0,0.013929291912946205,13.24
683,3.4,0,1,0.2789629303318085,79.65
684,3.78,0,1,0.6654168236917787,56.3
685,0.0,0,0,0.0060709115398933245,10.6
686,5.13,0,2,1.10486279306252,41.34
687,19.63,0,2,0.260442263333556,191.23
688,1.58,0,2,0.2810092502818063,87.23
689,0.0,0,0,0.6680904536430488,80.5
690,0.0,0,0,0.5800532413700429,46.94
691,0.0,0,0,0.6955377575657775,9.71
692,0.0,1,0,0.1032547601490474,51.87
693,9.79,0,3,0.5975101946916416,201.8
694,0.0,0,0,0.39241596717876703,80.38
695,2.25,0,1,0.9896281365703375,147.57
696,0.0,1,0,2.0841129394985884,97.83
697,5.92,0,2,0.02090159396414813,94.23
698,14.87,0,1,0.06717829004935526,131.16
699,11.95,0,4,0.23278674294016366,147.32
700,0.0,1,0,0.7095798547491726,85.08
701,0.0,0,0,0.29875290836568624,26.64
702,0.0,1,0,1.1165244399486591,87.44
703,2.61,0,2,0.6835693232004776,153.42
704,4.75,0,1,0.28328787154614216,44.33
705,11.96,0,2,0.47917423784529,194.47
706,0.0,0,0,0.2788833941507565,83.89
707,0.0,1,0,0.06023020994102644,19.72
708,0.0,1,0,0.17770100093325386,66.39
709,0.0,0,0,0.19003903500149447,41.07
710,6.3,0,1,0.8995998754332507,157.53
711,0.0,1,0,0.2337859117907477,72.28
712,6.38,0,1,1.1894118928673278,98.0
713,0.0,0,0,0.8604734883597454,35.42
714,0.76,0,1,0.23401985910698134,84.61
715,2.83,0,2,0.4506034128625389,121.47
716,5.16,0,1,1.4667851906156766,44.08
717,0.0,0,0,0.6791427754381955,37.06
718,0.0,0,0,2.151815401329305,183.73
719,10.71,0,3,0.7068925679873489,185.71
720,10.38,0,1,1.28716356858425,76.04
721,5.56,0,2,0.3226798388421357,140.41
722,0.0,1,0,0.7316317389085281,24.62
723,2.09,0,2,1.3719011429313563,50.32
724,0.0,1,0,0.2493836837107553,30.14
725,0.0,1,0,0.3597686457890857,55.08
726,14.68,0,2,0.1018562952619867,178.57
727,8.37,0,1,1.0651719657143863,68.54
728,0.0,0,0,1.639964529371393,8.29
729,0.0,0,0,0.5176112990361714,37.95
730,0.0,1,0,1.803139676255945,48.37
731,0.0,1,0,0.08243975293450329,77.98
732,12.31,0,1,0.7832532923362371,25.41
733,0.0,0,0,1.4785219903674274,68.47
734,0.0,0,0,1.3902075490173134,6.0
735,0.0,0,0,0.7384665799954104,10.36
736,8.17,0,2,0.16711808031685435,68.43
737,0.0,0,0,0.5365098435704035,21.3
738,7.67,0,4,1.4511436077950417,247.62
739,0.0,0,0,0.5514762752395233,0.38
740,0.0,0,0,1.004140766752068,45.7
741,0.0,1,0,1.4480139004162442,72.57
742,5.35,0,1,1.8709651753717824,37.1
743,8.28,0,3,0.22320225463480511,197.74
744,10.15,0,1,0.3791277409874871,129.67
745,0.0,0,0,0.16476084123651674,38.69
746,0.0,1,0,1.3510743662080211,2.15
747,0.0,0,0,0.2314459225255723,49.63
748,10.24,0,4,0.3868085206892026,277.04
749,0.0,1,0,0.214093744130204,37.01
750,7.55,0,1,0.2389480468664097,35.23
751,0.0,0,0,0.3711458733713088,14.84
752,0.77,0,1,0.07203686128374476,87.11
753,20.53,0,5,0.12765468151819012,189.55
754,0.0,0,0,0.4658055691181629,53.52
755,15.46,0,1,1.0921636327180897,37.52
756,11.04,0,1,1.6929568141953857,237.24
757,16.85,0,2,0.742484232538384,166.03
758,0.0,0,0,0.2531652380379812,39.37
759,17.86,0,3,0.9955815140020298,189.45
760,0.0,0,0,0.039555153856655034,7.23
761,15.76,0,1,0.17262729994081966,18.56
762,6.93,0,2,1.4026052717996935,210.57
763,0.0,0,0,0.6241198170521551,11.17
764,0.0,0,0,2.3193295399816938,117.44
765,0.0,0,0,1.1889133714746432,151.74
766,0.0,0,0,1.1806409124521446,59.92
767,14.48,0,2,0.1600182258527877,197.03
768,0.0,1,0,1.1033666061738736,94.43
769,3.56,0,2,0.9564363768180087,120.09
770,5.55,0,1,0.6377399842513161,122.98
771,10.82,0,1,0.7821300015314592,12.32
772,10.16,0,1,0.1643352058853912,154.41
773,3.1,0,1,1.237653757511998,46.63
774,4.72,0,3,0.782003492511037,193.55
775,3.25,0,1,0.6881503451777238,64.3
776,0.0,0,0,2.529560077694303,161.46
777,0.0,1,0,0.09546424708907304,70.92
778,13.74,0,1,0.9057323008626188,36.83
779,24.88,0,2,0.6277339060845056,23.75
780,11.61,0,2,0.36244094140313216,93.04
781,0.0,0,0,0.3350580290841175,15.92
782,0.0,0,0,0.9153902755601616,3.17
783,0.0,1,0,0.6454841811410754,32.56
784,17.55,0,2,1.5566291735239035,103.66
785,0.56,0,1,1.6725723868377034,13.41
786,0.0,0,0,0.12320480678448567,101.85
787,0.0,0,0,1.3793192280145272,16.59
788,20.39,0,2,1.0584244868495878,185.16
789,0.0,1,0,0.01300189187790702,128.11
790,0.0,1,0,0.8224199323822006,31.69
791,0.0,1,0,0.0785770297191498,20.71
792,0.0,1,0,0.9515497705740428,67.52
793,15.3,0,3,0.055724912288694604,72.83
794,0.0,0,0,0.048521627944826985,18.96
795,0.0,0,0,0.0771017094141042,71.74
796,12.5,0,1,0.2837510236615011,11.54
797,0.0,0,0,0.8406200265045529,2.12
798,0.0,0,0,0.1664522082130561,168.14
799,0.0,0,0,0.8584511166566653,33.08
800,0.0,1,0,0.1838345163225044,14.5
801,0.0,0,0,0.5305011476105275,176.77
802,1.86,0,2,0.09294420661358828,112.28
803,7.91,0,1,1.866539951360616,105.83
804,13.04,0,1,0.2257615231117544,15.19
805,8.03,0,3,0.8616361244979441,149.42
806,0.0,1,0,0.5138669173366935,9.17
807,18.01,0,1,0.08973569428722672,33.92
808,15.5,0,1,1.0623037137261049,56.82
809,0.0,0,0,0.9540017634932024,60.94
810,0.32,0,3,0.3467099776049199,142.92
811,18.8,0,3,2.2816518365388427,142.67
812,0.0,1,0,0.3357846992901282,105.57
813,0.0,1,0,1.5341141707356225,68.6
814,0.0,0,0,0.056649924897107164,26.09
815,0.54,0,5,0.2457430640859443,278.53
816,6.23,0,2,0.19502498402812676,74.18
817,2.81,0,1,0.594754341665286,123.45
818,0.0,0,0,0.6800247215784908,41.12
819,0.0,1,0,0.213442870930208,0.12
820,6.32,0,1,0.6295295842218108,77.83
821,3.69,0,1,0.11066536855732943,49.33
822,0.0,1,0,0.7168223206028049,65.72
823,0.0,1,0,0.6157711497711416,5.34
824,4.62,0,1,0.2626595203161677,103.37
825,3.13,0,2,1.2374266382225725,86.61
826,4.82,0,2,0.6256673477650062,55.73
827,6.78,0,5,0.1895816165987434,209.8
828,0.0,0,0,2.5269324258736217,123.15
829,0.0,0,0,0.4129978221434341,74.29
830,12.1,0,2,1.9937356425714556,35.65
831,22.47,0,1,0.042823381311574885,35.42
832,0.0,0,0,0.6065033882157397,106.3
833,16.62,0,1,0.2597225017214819,19.15
834,3.87,0,2,0.005596018829046555,119.58
835,2.71,0,2,1.122544806244414,51.24
836,3.08,0,1,0.6751782749743815,127.21
837,0.0,1,0,2.0565435648295414,88.68
838,10.42,0,2,0.8745170741325226,134.59
839,0.0,1,0,0.2935579321666293,45.2
840,4.88,0,2,0.6701152004542329,111.94
841,0.0,0,0,0.8222203955664315,40.62
842,0.0,0,0,1.2002617497388293,74.74
843,5.26,0,4,0.8397218421807761,279.55
844,6.34,0,1,1.542801515209646,53.76
845,0.0,0,0,0.7045065398247231,121.32
846,2.14,0,1,1.5505004928140769,149.45
847,6.09,0,2,0.7355299425897666,112.45
848,2.81,0,2,0.2471773825205969,129.57
849,0.0,0,0,0.17086543812794186,26.87
850,0.0,0,0,0.6078965097165392,1.78
851,0.0,0,0,0.3686733088729012,83.55
852,11.27,0,3,0.230934530208678,232.61
853,2.14,0,1,1.9647251329163893,37.59
854,19.0,0,1,0.40981865692851255,179.86
855,0.99,0,1,1.2803043986708944,3.37
856,0.0,0,0,0.5555126463422483,38.0
857,12.36,0,1,1.4227481360999399,235.9
858,6.49,0,2,1.0666746895891541,230.15
859,0.0,0,0,0.4827435221820324,65.38
860,0.0,0,0,1.8555033147942632,24.69
861,4.2,0,1,0.6549755842216898,36.39
862,10.2,0,1,1.1243533598705029,51.75
863,0.59,0,1,0.08743532877718108,89.56
864,15.73,0,3,0.38632331781156004,269.43
865,0.0,0,0,0.5006657213812097,9.27
866,0.21,0,2,0.8254163489880298,176.7
867,7.63,0,3,0.6592456684324051,155.17
868,1.44,0,1,0.06447441481012024,113.2
869,13.2,0,1,0.6226493617344521,169.02
870,0.0,0,0,0.17280173739646434,2.9
871,8.3,0,2,1.6734520902985368,8.96
872,0.0,0,0,0.5029747705513431,5.98
873,0.38,0,1,0.8691560643892732,22.98
874,0.0,0,0,0.1455211977682408,97.74
875,7.43,0,2,0.3078017688920592,92.76
876,4.88,0,1,0.42588720619303577,17.26
877,0.0,0,0,0.5736620068802363,64.54
878,1.94,0,1,0.7691423497872982,25.56
879,0.03,0,1,0.7783610761666377,47.47
880,0.0,0,0,2.412615421612916,108.97
881,9.19,0,2,0.4201868170958573,201.65
882,11.44,0,2,0.23561455810856596,67.04
883,1.63,0,1,0.3286184757489846,71.19
884,0.0,0,0,0.08704706823817121,91.58
885,7.93,0,1,0.9857260463355436,138.03
886,8.34,0,1,0.2799933018744797,16.93
887,1.98,0,3,2.075260872625265,275.26
888,0.55,0,2,0.975816719344709,65.14
889,0.0,0,0,1.0519476177229186,18.95
890,16.29,0,1,0.5027448074908146,5.79
891,0.0,0,0,1.221033695525353,8.14
892,5.86,0,1,0.3996879517526416,5.11
893,9.74,0,1,0.20965941527462575,35.09
894,0.0,1,0,1.8732977762175456,122.27
895,14.42,0,1,0.8356921120651418,157.08
896,0.0,1,0,0.5565531245337582,17.0
897,12.33,0,1,0.4632062920991231,30.08
898,0.0,0,0,0.2359699872109716,50.55
899,0.0,0,0,0.045586016355497805,4.46
900,0.0,1,0,0.10343812930810638,47.55
901,14.86,0,2,1.4469778843537329,92.39
902,0.0,1,0,1.0074439731951983,103.89
903,9.34,0,5,0.9495541354413236,165.65
904,10.1,0,3,0.6389617476895022,168.21
905,15.38,0,1,0.8113965544915921,188.49
906,5.14,0,1,1.3776693679570908,2.08
907,0.0,0,0,0.7368438970924334,65.22
908,15.43,0,3,0.372206776071053,254.05
909,9.3,0,3,0.8901984111247868,174.73
910,2.49,0,3,1.5151910621985525,86.21
911,0.0,1,0,2.0243096232868525,71.57
912,0.0,1,0,0.4998641237403714,59.27
913,0.74,0,3,0.26940683444455776,144.56
914,0.0,0,0,1.2002964070557762,141.74
915,4.22,0,1,0.2300707591914021,102.0
916,0.0,0,0,0.7877837519082389,83.76
917,0.0,1,0,1.1790397911598025,82.94
918,1.66,0,1,0.4283166923752375,44.21
919,0.0,0,0,0.2234627853258509,36.77
920,4.69,0,2,1.3202332070206422,43.35
921,4.0,0,3,0.7223813578277714,180.09
922,0.0,1,0,1.7760117540484022,18.75
923,4.4,0,3,0.6013676439512137,159.51
924,5.82,0,1,0.5522999376795232,7.11
925,11.38,0,1,0.8970661968871322,58.51
926,0.0,0,0,0.8779825867565609,52.32
927,0.0,1,0,1.5614932224418594,105.72
928,0.0,0,0,1.2382830714336357,177.92
929,0.0,0,0,0.6405429350747734,46.31
930,5.83,0,1,0.14304876987895235,113.13
931,10.57,0,1,0.8245141615276735,149.76
932,14.02,0,2,0.7910319470430469,93.59
933,7.67,0,3,0.6058608207588934,139.71
934,0.0,0,0,0.8254971967925115,30.69
935,0.0,0,0,0.3718578822786656,94.0
936,0.0,0,0,1.091933900395313,0.84
937,8.89,0,4,0.5222506360177785,290.85
938,8.5,0,3,1.556581898659751,109.75
939,22.17,0,2,0.7955570679408823,24.89
940,1.91,0,1,0.9965705105794472,97.47
941,0.0,0,0,0.5297602037670388,37.53
942,8.33,0,1,0.6078752606758179,41.85
943,11.03,0,4,1.0448091940210336,75.65
944,0.0,0,0,0.4876062240724936,10.48
945,13.41,0,2,1.9625871905307948,263.74
946,1.4,0,4,0.9980101098596522,219.89
947,0.07,0,4,1.6076610271180587,121.15
948,17.75,0,1,0.9694572005267368,80.64
949,1.06,0,1,1.3683150388328105,43.62
950,5.07,0,1,0.5906548306923093,146.05
951,0.0,0,0,0.7341737987784958,85.22
952,8.39,0,1,1.2753907379990148,155.47
953,0.0,0,0,1.6137112690586468,108.52
954,0.0,0,0,0.570612997219531,27.56
955,15.28,0,1,1.1793691216326172,88.51
956,5.48,0,1,0.24288201315027497,18.97
957,3.26,0,1,0.2897748568964129,98.09
958,0.0,0,0,0.5009171876243808,65.8
959,6.98,0,2,0.4097627959594974,186.63
960,1.2,0,2,0.13263374638257355,84.44
961,8.55,0,1,0.5107920885275947,15.53
962,18.26,0,1,0.6690727386599166,11.18
963,5.64,0,2,1.0225704320096405,232.73
964,5.93,0,2,2.0615035766363983,240.88
965,13.74,0,1,0.6540756831274238,74.06
966,12.19,0,3,1.2096947428411076,156.78
967,9.28,0,1,0.4558877720816076,25.76
968,18.81,0,1,1.5655240292343404,120.26
969,14.11,0,2,0.16865467196672768,19.81
970,3.77,0,1,1.1950466289248425,8.96
971,0.0,0,0,0.01851313599238993,14.61
972,4.48,0,1,0.3427253463777041,99.82
973,5.23,0,1,0.08531814256502405,54.63
974,19.35,0,1,0.4961991873633163,169.91
975,0.0,1,0,1.073631749859772,18.41
976,3.2,0,3,0.6802161054504494,113.82
977,0.0,0,0,2.6357477390168778,46.66
978,3.76,0,2,0.5443827245251827,117.9
979,0.62,0,2,0.20056919723094285,75.11
980,11.25,0,1,0.12029563171189885,20.88
981,0.0,0,0,1.1492733262856758,137.57
982,0.0,0,0,0.09767609854883172,26.91
983,4.63,0,1,0.6793732829565033,111.31
984,0.0,1,0,0.32405702822156063,140.22
985,13.15,0,3,0.13744851462769184,227.05
986,0.0,0,0,0.4004813865063287,51.08
987,11.27,0,3,0.10730214400422887,213.7
988,3.29,0,1,0.8084936028931876,62.23
989,2.03,0,2,1.0964692338108837,91.22
990,0.0,0,0,0.6819529712949639,53.3
991,0.0,0,0,1.1701987091966035,94.33
992,9.24,0,3,0.9514492770580866,169.97
993,5.32,0,2,0.8407344821295493,110.59
994,0.0,0,0,1.0212328171307132,47.54
995,13.86,0,2,0.9778155496862004,213.67
996,11.4,0,2,0.1684609762696143,19.76
997,0.0,0,0,0.11422764866203965,32.07
998,7.28,0,1,0.2798103423770061,10.89
999,11.78,0,2,0.9003985883950636,100.85
